{
  "省级": [
    "北京",
    "天津",
    "上海",
    "重庆",
    "香港",
    "澳门",
    "内蒙古",
    "广西",
    "西藏",
    "宁夏",
    "新疆",
    "河北",
    "山西",
    "辽宁",
    "吉林",
    "黑龙江",
    "江苏",
    "浙江",
    "安徽",
    "福建",
    "江西",
    "山东",
    "河南",
    "湖北",
    "湖南",
    "广东",
    "海南",
    "四川",
    "贵州",
    "云南",
    "陕西",
    "甘肃",
    "青海"
  ],
  "市级": [
    "石家庄",
    "唐山",
    "张家口",
    "太原",
    "沈阳",
    "大连",
    "辽阳",
    "长春",
    "松原",
    "延边",
    "哈尔滨",
    "齐齐哈尔",
    "南京",
    "无锡",
    "徐州",
    "常州",
    "苏州",
    "南通",
    "连云港",
    "淮安",
    "盐城",
    "扬州",
    "镇江",
    "泰州",
    "宿迁",
    "杭州",
    "宁波",
    "温州",
    "嘉兴",
    "湖州",
    "绍兴",
    "金华",
    "衢州",
    "舟山",
    "台州",
    "丽水",
    "合肥",
    "六安",
    "亳州",
    "福州",
    "厦门",
    "南昌",
    "赣州",
    "济南",
    "青岛",
    "淄博",
    "郑州",
    "开封",
    "洛阳",
    "焦作",
    "武汉",
    "黄石",
    "十堰",
    "宜昌",
    "襄阳",
    "鄂州",
    "荆门",
    "孝感",
    "荆州",
    "黄冈",
    "咸宁",
    "随州",
    "恩施",
    "仙桃",
    "潜江",
    "天门",
    "神农架林区",
    "长沙",
    "株洲",
    "湘潭",
    "岳阳",
    "广州",
    "深圳",
    "肇庆",
    "惠州",
    "梅州",
    "海口",
    "三亚",
    "成都",
    "甘孜",
    "凉山",
    "贵阳",
    "黔西南",
    "黔东南",
    "黔南",
    "昆明",
    "西安",
    "榆林",
    "兰州",
    "西宁",
    "柳州",
    "呼和浩特",
    "鄂尔多斯"
  ],
  "区级": [
    "东城",
    "西城",
    "朝阳",
    "丰台",
    "石景山",
    "海淀",
    "门头沟",
    "房山",
    "通州",
    "顺义",
    "昌平",
    "大兴",
    "怀柔",
    "平谷",
    "密云",
    "延庆",
    "和平",
    "河东",
    "河西",
    "南开",
    "河北",
    "红桥",
    "东丽",
    "西青",
    "津南",
    "北辰",
    "武清",
    "宝坻",
    "滨海新",
    "宁河",
    "静海",
    "蓟州",
    "黄浦",
    "徐汇",
    "长宁",
    "静安",
    "普陀",
    "虹口",
    "杨浦",
    "闵行",
    "宝山",
    "嘉定",
    "浦东",
    "金山",
    "松江",
    "青浦",
    "奉贤",
    "崇明",
    "万州",
    "涪陵",
    "渝中",
    "大渡口",
    "江北",
    "沙坪坝",
    "九龙坡",
    "南岸",
    "北碚",
    "綦江",
    "大足",
    "渝北",
    "巴南",
    "黔江",
    "长寿",
    "江津",
    "合川",
    "永川",
    "南川",
    "璧山",
    "铜梁",
    "潼南",
    "荣昌",
    "开州",
    "梁平",
    "武隆",
    "城口",
    "丰都",
    "垫江",
    "忠县",
    "云阳",
    "奉节",
    "巫山",
    "巫溪",
    "康巴什",
    "东胜",
    "城关",
    "江岸",
    "蕲春"
  ]
}